title,company_name,location,num_applicants,experiences_and_skills,seniority_level,employment_type,job_function,industries,number_of_employees,industry_of_company,size_of_company,followers_of_company
Creative Explorer,Jovie,"4S Ranch, CA",<25,"1+ year(s) childcare, babysitter or nanny experience, higher payrate for infant and toddler experience",Internship,Full-time,"General Business, Management, and Business Development",Internet Publishing,9173.0,Government Administration,,264953.0
Special Education Teacher for 23-24 SY,New Story Schools,"Aaronsburg, PA",<25,"Work Skills. Must possess interpersonal skills, reflecting appropriate boundaries, to establish and maintain effective working relationships with students, parents/guardians, school/company personnel, and others involved in the child’s educational/behavioral program. Must have strong decision making and leadership skills. Must have strong organizational and communication skills. ExperienceRequiredSix Months’ Experience Working With Children With Behavior/learning Disorders",Entry level,Full-time,Education and Training,Primary and Secondary Education,3355.0,Mechanical Or Industrial Engineering,,113838.0
Remote Sales Agent,FeyerINC,"Aaronsburg, PA",<25,"Experience:. No prior experience is needed for this position.  We provide comprehensive training to equip you with the necessary skills and knowledge. Participate in training sessions to develop product knowledge, sales techniques, and customer service skills. This Sales Agent position offers an opportunity for individuals to enter the sales field without prior experience.  Strong communication skills, attention to detail, and a customer-focused attitude are key attributes for success in this position",Entry level,Full-time,Sales and Business Development,Internet Publishing,38192.0,Broadcast Media Production and Distribution,,2067368.0
"AI Training Associate (Flexible hours, Remote)",DataAnnotation,"Abbeville County, SC",<25," Note that work may fluctuate based on availability and based on your particular skill sets.  You do not need experience to apply, although if your background looks good, there will be a starter assessment that will serve as your interview when you sign up. Excellent writing and grammar skills. Strong research and fact-checking skills to ensure accuracy and originality",Entry level,Part-time,Management and Manufacturing,Software Development,37391.0,IT Services and IT Consulting,,1571745.0
Freelance Writer,DataAnnotation,"Abbeville County, SC",<25,Excellent writing and grammar skills. Strong research and fact-checking skills to ensure accuracy and originality,Entry level,Part-time,"Marketing, Public Relations, and Writing/Editing",Software Development,7257.0,Oil and Gas,,456503.0
Remote Sales Agent,FeyerINC,"Abbeville, GA",<25,"Experience:. No prior experience is needed for this position.  We provide comprehensive training to equip you with the necessary skills and knowledge. Participate in training sessions to develop product knowledge, sales techniques, and customer service skills. This Sales Agent position offers an opportunity for individuals to enter the sales field without prior experience.  Strong communication skills, attention to detail, and a customer-focused attitude are key attributes for success in this position",Entry level,Full-time,Sales and Business Development,Internet Publishing,287967.0,Software Development,,33448046.0
Emergency Medicine NP/PA,SCP Health,"Abbeville, LA",<25,,Mid-Senior level,Full-time,Health Care Provider,Hospitals and Health Care,0.0,,,22519.0
Emergency Medicine Physician,SCP Health,"Abbeville, LA",<25,,Mid-Senior level,Full-time,Health Care Provider,Hospitals and Health Care,0.0,,,22519.0
Outpatient Registered Nurse - RN,Fresenius Medical Care North America,"Abbeville, LA",<25,Must have a minimum of 9 months experience as a RN. Must have a minimum of 3 months experience in chronic/acute hemodialysis as a RN. EXPERIENCE AND REQUIRED SKILLS:. Entry level for RNs with less than 1 year of Nephrology Nursing experience in the last two years as a RN. Minimum of 9 months experience as a Registered Nurse (preferred). Chronic/acute hemodialysis experience (preferred),Mid-Senior level,Full-time,Health Care Provider,Hospitals and Health Care,,,,
Full Time - Scheduling Staffing Admin - Day,"Lowe's Companies, Inc.","Abbeville, LA",<25," 1 year of experience in a retail environment.  2 years of administrative experience such as processing data, scheduling, monitoring and tracking information, and using office software.  1 year of experience administering confidential staff information such as personnel files and employment compliance data.  1 year of experience in a cross-functional team environment with exempt and non-exempt staff.  2 years of experience in a retail environment or equivalent and relevant work experience.  2 years of experience in a cross-functional team environment with exempt and non-exempt staff.  1 year of experience supporting the staffing process (e. Starting rate of pay may vary based on factors including, but not limited to, position offered, location, education, training, and/or experience",Entry level,Full-time,General Business and Customer Service,Retail,129968.0,Retail,,731967.0
IT AUDITOR,Gulf Coast Bank,"Abbeville, LA",<25,"Experience in auditing applications, interfaces, system infrastructure, information processing, and general IT controls. 2+ years relevant audit experience, preferably within the financial services industry. Experience in Compliance and Banking Safety and Soundness. Exceptional oral, written, and interpersonal communication skills with the ability to apply common sense to carry out instructions and instruct others, interpret documents, understand procedures, and write reports and correspondence. While this is our ideal list, we will consider candidates who do not necessarily have all of the qualifications but have sufficient experience and talent",Mid-Senior level,Full-time,Information Technology,Banking,2660.0,Government Administration,,25957.0
"Travel Nurse RN - Home Health - $1,940 per week",Core Medical Group,"Abbeville, LA",<25,,Mid-Senior level,Full-time,Health Care Provider,Wellness and Fitness Services,24966.0,Software Development,,27120988.0
Porter,Mayfair Management Group,"Abbeville, LA",<25,Language Skills,Entry level,Full-time,Other,Real Estate,22864.0,Computer Games,,1315518.0
Leasing Agent,Mayfair Management Group,"Abbeville, LA",<25," The ideal candidate will have experience in Tax Credit, excellent customer service skills, and be highly organized. Experience in Tax Credit. Excellent customer service skills. Strong communication and interpersonal skills",Entry level,Full-time,Sales and Management,Real Estate,20177.0,Business Consulting and Services,,
RN Home Health Full Time,CenterWell Home Health,"Abbeville, LA",<25,"Provide admission, case management, and follow-up skilled nursing visits for home health patients. Required Experience/Skills. Minimum of one year nursing experience preferred. Strong med surg, ICU, ER, acute experience. Home Health experience a plus. Strong organizational and communication skills. About CenterWell, a Humana company: CenterWell creates experiences that put patients at the center",Mid-Senior level,Full-time,Health Care Provider,Hospitals and Health Care,84183.0,IT Services and IT Consulting,,
Remote Honeymoon Specialist,FeyerINC,"Abbeville, LA",<25,"Heartwarming Career: You have the chance to embark on a heartwarming career focused on crafting unforgettable honeymoon experiences, celebrating love, and creating dreamlike memories for couples.  Prior experience in wedding planning or romantic travel is beneficial but not mandatory. Comprehensive Training: Comprehensive training and development opportunities will be provided to help you excel in your role, even if you don't have prior experience in the field.  This ensures that you can offer the best possible experiences to your clients. Organizational Skills: Strong organizational capabilities, multitasking skills, and meticulous attention to detail are required for managing honeymoon bookings and arrangements. Interpersonal Skills: Exceptional interpersonal skills and customer service orientation are essential for building emotional connections with couples, vendors, and team members. Communication Skills: Excellent written and verbal communication skills are necessary for seamless interaction and coordination. Passion and Commitment: A passion for creating romantic experiences, celebrating love, and a commitment to continuous learning in a dynamic industry are important for success in this role. Participating in comprehensive training provided by the company to enhance your honeymoon coordination skills. This role provides a unique opportunity for those who are passionate about crafting romantic experiences and are committed to creating dreamlike honeymoon memories for couples",Entry level,Full-time,Other,Internet Publishing,35430.0,Software Development,,1134743.0
Remote Honeymoon Specialist,FeyerINC,"Abbeville, MS",<25,"Heartwarming Career: You have the chance to embark on a heartwarming career focused on crafting unforgettable honeymoon experiences, celebrating love, and creating dreamlike memories for couples.  Prior experience in wedding planning or romantic travel is beneficial but not mandatory. Comprehensive Training: Comprehensive training and development opportunities will be provided to help you excel in your role, even if you don't have prior experience in the field.  This ensures that you can offer the best possible experiences to your clients. Organizational Skills: Strong organizational capabilities, multitasking skills, and meticulous attention to detail are required for managing honeymoon bookings and arrangements. Interpersonal Skills: Exceptional interpersonal skills and customer service orientation are essential for building emotional connections with couples, vendors, and team members. Communication Skills: Excellent written and verbal communication skills are necessary for seamless interaction and coordination. Passion and Commitment: A passion for creating romantic experiences, celebrating love, and a commitment to continuous learning in a dynamic industry are important for success in this role. Participating in comprehensive training provided by the company to enhance your honeymoon coordination skills. This role provides a unique opportunity for those who are passionate about crafting romantic experiences and are committed to creating dreamlike honeymoon memories for couples",Entry level,Full-time,Other,Internet Publishing,109.0,Software Development,,4309.0
Maintenance Mechanic,Prysmian Group,"Abbeville, SC",<25,"Specific Skills/Training Required. Minimum two years associate degree in relevant field and/or two years of relevant maintenance experience. Experience. Previous manufacturing experience preferred but not required. Prysmian Group, as an Equal Opportunity Employer, aims to attract and recruit individuals with diverse backgrounds, skills and abilities, who will enhance the quality of service and contribute to the Group’s success.  Prysmian Group bases its decisions on principles of equality, with evaluations based on the type of position and with a focus on best practices so individuals succeed based on their efforts and skills and their alignment with applicable job requirements",Entry level,Full-time,Management and Manufacturing,Manufacturing,12779.0,Manufacturing,,411409.0
Supply Driver 2nd Shift in MV,Prysmian Group,"Abbeville, SC",<25,"Prysmian Group, as an Equal Opportunity Employer, aims to attract and recruit individuals with diverse backgrounds, skills and abilities, who will enhance the quality of service and contribute to the Group’s success.  Prysmian Group bases its decisions on principles of equality, with evaluations based on the type of position and with a focus on best practices so individuals succeed based on their efforts and skills and their alignment with applicable job requirements",Entry level,Full-time,Management and Manufacturing,Manufacturing,12779.0,Manufacturing,,411409.0
Maintenance Mechanic,Prysmian Group,"Abbeville, SC",<25,"Specific Skills/Training Required. Minimum two years associate degree in relevant field and/or two years of relevant maintenance experience. Experience. Previous manufacturing experience preferred but not required. Prysmian Group, as an Equal Opportunity Employer, aims to attract and recruit individuals with diverse backgrounds, skills and abilities, who will enhance the quality of service and contribute to the Group’s success.  Prysmian Group bases its decisions on principles of equality, with evaluations based on the type of position and with a focus on best practices so individuals succeed based on their efforts and skills and their alignment with applicable job requirements",Entry level,Full-time,Management and Manufacturing,Manufacturing,12779.0,Manufacturing,,411409.0
HV/EHV Jacket Operator,Prysmian Group,"Abbeville, SC",<25,"Prysmian Group, as an Equal Opportunity Employer, aims to attract and recruit individuals with diverse backgrounds, skills and abilities, who will enhance the quality of service and contribute to the Group’s success.  Prysmian Group bases its decisions on principles of equality, with evaluations based on the type of position and with a focus on best practices so individuals succeed based on their efforts and skills and their alignment with applicable job requirements",Entry level,Full-time,Management and Manufacturing,Manufacturing,12779.0,Manufacturing,,411409.0
Jacket 5 Operator - 2nd Shift,Prysmian Group,"Abbeville, SC",<25,"Specific Skills/Training Required. Experience. Previous manufacturing experience preferred but not required. Prysmian Group, as an Equal Opportunity Employer, aims to attract and recruit individuals with diverse backgrounds, skills and abilities, who will enhance the quality of service and contribute to the Group’s success.  Prysmian Group bases its decisions on principles of equality, with evaluations based on the type of position and with a focus on best practices so individuals succeed based on their efforts and skills and their alignment with applicable job requirements",Entry level,Full-time,Management and Manufacturing,Manufacturing,12779.0,Manufacturing,,411409.0
HV/EHV 91 Strander Operator,Prysmian Group,"Abbeville, SC",<25,"Prysmian Group, as an Equal Opportunity Employer, aims to attract and recruit individuals with diverse backgrounds, skills and abilities, who will enhance the quality of service and contribute to the Group’s success.  Prysmian Group bases its decisions on principles of equality, with evaluations based on the type of position and with a focus on best practices so individuals succeed based on their efforts and skills and their alignment with applicable job requirements",Entry level,Full-time,Management and Manufacturing,Manufacturing,12779.0,Manufacturing,,411409.0
Jacket 5 Operator - 3rd Shift,Prysmian Group,"Abbeville, SC",<25,"Specific Skills/Training Required. Experience. Previous manufacturing experience preferred but not required. Prysmian Group, as an Equal Opportunity Employer, aims to attract and recruit individuals with diverse backgrounds, skills and abilities, who will enhance the quality of service and contribute to the Group’s success.  Prysmian Group bases its decisions on principles of equality, with evaluations based on the type of position and with a focus on best practices so individuals succeed based on their efforts and skills and their alignment with applicable job requirements",Entry level,Full-time,Management and Manufacturing,Manufacturing,12779.0,Manufacturing,,411409.0
Supply Driver Swing Shift in MV,Prysmian Group,"Abbeville, SC",<25,"Prysmian Group, as an Equal Opportunity Employer, aims to attract and recruit individuals with diverse backgrounds, skills and abilities, who will enhance the quality of service and contribute to the Group’s success.  Prysmian Group bases its decisions on principles of equality, with evaluations based on the type of position and with a focus on best practices so individuals succeed based on their efforts and skills and their alignment with applicable job requirements",Entry level,Full-time,Management and Manufacturing,Manufacturing,12779.0,Manufacturing,,411409.0
EHV/HV VCV Operator,Prysmian Group,"Abbeville, SC",<25,"Specific Skills/Training Required. Prysmian Group, as an Equal Opportunity Employer, aims to attract and recruit individuals with diverse backgrounds, skills and abilities, who will enhance the quality of service and contribute to the Group’s success.  Prysmian Group bases its decisions on principles of equality, with evaluations based on the type of position and with a focus on best practices so individuals succeed based on their efforts and skills and their alignment with applicable job requirements",Entry level,Full-time,Management and Manufacturing,Manufacturing,12779.0,Manufacturing,,411409.0
HV/EHV VCV Operator,Prysmian Group,"Abbeville, SC",<25,"Specific Skills/Training Required. Experience:. Previous manufacturing experience preferred but not required. Prysmian Group, as an Equal Opportunity Employer, aims to attract and recruit individuals with diverse backgrounds, skills and abilities, who will enhance the quality of service and contribute to the Group’s success.  Prysmian Group bases its decisions on principles of equality, with evaluations based on the type of position and with a focus on best practices so individuals succeed based on their efforts and skills and their alignment with applicable job requirements",Entry level,Full-time,Management and Manufacturing,Manufacturing,12779.0,Manufacturing,,411409.0
EHV/HV Quality Cage Tester,Prysmian Group,"Abbeville, SC",<25,"Specific Skills/Training Required. Ability to successfully complete a Core skills training including but not limited to Basic Electrical Principles and Safety, Basic Cable Construction. Prysmian Group, as an Equal Opportunity Employer, aims to attract and recruit individuals with diverse backgrounds, skills, and abilities",Entry level,Full-time,Engineering and Information Technology,Manufacturing,12779.0,Manufacturing,,411409.0
Respool Operator,Prysmian Group,"Abbeville, SC",<25,"Specific Skills/Training Required. Prysmian Group, as an Equal Opportunity Employer, aims to attract and recruit individuals with diverse backgrounds, skills and abilities, who will enhance the quality of service and contribute to the Group’s success.  Prysmian Group bases its decisions on principles of equality, with evaluations based on the type of position and with a focus on best practices so individuals succeed based on their efforts and skills and their alignment with applicable job requirements",Entry level,Full-time,Management and Manufacturing,Manufacturing,12779.0,Manufacturing,,411409.0
Jacket 5 Operator - 2nd Shift,Prysmian Group,"Abbeville, SC",<25,"Specific Skills/Training Required. Experience. Previous manufacturing experience preferred but not required. Prysmian Group, as an Equal Opportunity Employer, aims to attract and recruit individuals with diverse backgrounds, skills and abilities, who will enhance the quality of service and contribute to the Group’s success.  Prysmian Group bases its decisions on principles of equality, with evaluations based on the type of position and with a focus on best practices so individuals succeed based on their efforts and skills and their alignment with applicable job requirements",Entry level,Full-time,Management and Manufacturing,Manufacturing,12779.0,Manufacturing,,411409.0
Electronic Technician,Prysmian Group,"Abbeville, SC",<25,"Job Skills & Qualifications. Top organizational skills and attention to detail. Prysmian Group, as an Equal Opportunity Employer, aims to attract and recruit individuals with diverse backgrounds, skills, and abilities",Entry level,Full-time,Engineering and Information Technology,Manufacturing,12779.0,Manufacturing,,411409.0
Jacket 5 Operator - 3rd Shift,Prysmian Group,"Abbeville, SC",<25,"Specific Skills/Training Required. Experience. Previous manufacturing experience preferred but not required. Prysmian Group, as an Equal Opportunity Employer, aims to attract and recruit individuals with diverse backgrounds, skills and abilities, who will enhance the quality of service and contribute to the Group’s success.  Prysmian Group bases its decisions on principles of equality, with evaluations based on the type of position and with a focus on best practices so individuals succeed based on their efforts and skills and their alignment with applicable job requirements",Entry level,Full-time,Management and Manufacturing,Manufacturing,12779.0,Manufacturing,,411409.0
Supply Driver 2nd Shift in MV,Prysmian Group,"Abbeville, SC",<25,"Prysmian Group, as an Equal Opportunity Employer, aims to attract and recruit individuals with diverse backgrounds, skills and abilities, who will enhance the quality of service and contribute to the Group’s success.  Prysmian Group bases its decisions on principles of equality, with evaluations based on the type of position and with a focus on best practices so individuals succeed based on their efforts and skills and their alignment with applicable job requirements",Entry level,Full-time,Management and Manufacturing,Manufacturing,12779.0,Manufacturing,,411409.0
STORE MANAGER CANDIDATE,Dollar General,"Abbeville, SC",<25,KNOWLEDGE and SKILLS. Effective oral and written communication skills. Effective interpersonal skills. Effective organization skills with attention to detail. WORK EXPERIENCE and/or EDUCATION. One year of experience in a retail environment preferred for external candidates,Mid-Senior level,Full-time,Sales and Business Development,Retail,78296.0,Retail,,281416.0
Plant Controller,Prysmian Group,"Abbeville, SC",<25,"At least 5 years of experience in manufacturing plant accounting and controlling. Excellent communication skills, inter-personal skills, and ability to prioritize",Mid-Senior level,Full-time,Administrative,Manufacturing,12779.0,Manufacturing,,411409.0
Production Line Operator,Prysmian Group,"Abbeville, SC",<25,"Specific Skills/Training Required. Basic Math skills. Experience. Previous manufacturing experience preferred but not required. Prysmian Group, as an Equal Opportunity Employer, aims to attract and recruit individuals with diverse backgrounds, skills, and abilities",Entry level,Full-time,Management and Manufacturing,Manufacturing,12779.0,Manufacturing,,411409.0
Abbeville Plant Controller,Prysmian Group,"Abbeville, SC",<25,"At least 5 years of experience in manufacturing plant accounting and controlling. Excellent communication skills, inter-personal skills, and ability to prioritize. Prysmian Group, as an Equal Opportunity Employer, aims to attract and recruit individuals with diverse backgrounds, skills, and abilities",Mid-Senior level,Full-time,Accounting/Auditing and Finance,Manufacturing,12779.0,Manufacturing,,411409.0
HV Production Supervisor- 2nd Shift,Prysmian Group,"Abbeville, SC",<25," Bachelor’s degree or equivalent working manufacturing experience. Prysmian Group, as an Equal Opportunity Employer, aims to attract and recruit individuals with diverse backgrounds, skills, and abilities",Mid-Senior level,Full-time,Management and Manufacturing,Manufacturing,12779.0,Manufacturing,,411409.0
"Travel Nurse RN - ICU - Intensive Care Unit - $1,781 per week","TOTALMED STAFFING, LLC","Abbeville, SC",<25," As an organization, they focus on putting highly-skilled staff into facilities to ensure adequate staffing for a better patient experience",Mid-Senior level,Part-time,Health Care Provider,Human Resources Services,18659.0,Armed Forces,,67905.0
ICU RN,Fusion Medical Staffing,"Abbeville, SC",<25,"One to three years experience as a Registered Nurse preferred. Critical thinking, service excellence and good interpersonal communication skills, ability to read/comprehend written instructions, ability to follow verbal instructions, PC skills. Required Essential Skills. Interpersonal Skills - to work effectively with a variety of personnel (professional and ancillary) to present a positive attitude and a professional appearance. Technical/Motor Skills - Ability to grasp, fine manipulation, pushing/pulling and able to move about when assisting with procedures and/or using department equipment",Mid-Senior level,Part-time,Health Care Provider,Hospitals and Health Care,66252.0,IT Services and IT Consulting,,1492123.0
Remote Honeymoon Specialist,FeyerAssociates INC,"Abbeville, SC",<25,"Heartwarming Career: You have the chance to embark on a heartwarming career focused on crafting unforgettable honeymoon experiences, celebrating love, and creating dreamlike memories for couples.  Prior experience in wedding planning or romantic travel is beneficial but not mandatory. Comprehensive Training: Comprehensive training and development opportunities will be provided to help you excel in your role, even if you don't have prior experience in the field.  This ensures that you can offer the best possible experiences to your clients. Organizational Skills: Strong organizational capabilities, multitasking skills, and meticulous attention to detail are required for managing honeymoon bookings and arrangements. Interpersonal Skills: Exceptional interpersonal skills and customer service orientation are essential for building emotional connections with couples, vendors, and team members. Communication Skills: Excellent written and verbal communication skills are necessary for seamless interaction and coordination. Passion and Commitment: A passion for creating romantic experiences, celebrating love, and a commitment to continuous learning in a dynamic industry are important for success in this role. Participating in comprehensive training provided by the company to enhance your honeymoon coordination skills. This role provides a unique opportunity for those who are passionate about crafting romantic experiences and are committed to creating dreamlike honeymoon memories for couples",Mid-Senior level,Part-time,Other,Hospitality,291.0,Financial Services,,
Remote Honeymoon Specialist,FeyerINC,"Abbeville, SC",<25,"Heartwarming Career: You have the chance to embark on a heartwarming career focused on crafting unforgettable honeymoon experiences, celebrating love, and creating dreamlike memories for couples.  Prior experience in wedding planning or romantic travel is beneficial but not mandatory. Comprehensive Training: Comprehensive training and development opportunities will be provided to help you excel in your role, even if you don't have prior experience in the field.  This ensures that you can offer the best possible experiences to your clients. Organizational Skills: Strong organizational capabilities, multitasking skills, and meticulous attention to detail are required for managing honeymoon bookings and arrangements. Interpersonal Skills: Exceptional interpersonal skills and customer service orientation are essential for building emotional connections with couples, vendors, and team members. Communication Skills: Excellent written and verbal communication skills are necessary for seamless interaction and coordination. Passion and Commitment: A passion for creating romantic experiences, celebrating love, and a commitment to continuous learning in a dynamic industry are important for success in this role. Participating in comprehensive training provided by the company to enhance your honeymoon coordination skills. This role provides a unique opportunity for those who are passionate about crafting romantic experiences and are committed to creating dreamlike honeymoon memories for couples",Entry level,Full-time,Other,Internet Publishing,84183.0,IT Services and IT Consulting,,
Remote Honeymoon Specialist,FeyerAssociates INC,"Abbot Village, ME",<25,"Heartwarming Career: You have the chance to embark on a heartwarming career focused on crafting unforgettable honeymoon experiences, celebrating love, and creating dreamlike memories for couples.  Prior experience in wedding planning or romantic travel is beneficial but not mandatory. Comprehensive Training: Comprehensive training and development opportunities will be provided to help you excel in your role, even if you don't have prior experience in the field.  This ensures that you can offer the best possible experiences to your clients. Organizational Skills: Strong organizational capabilities, multitasking skills, and meticulous attention to detail are required for managing honeymoon bookings and arrangements. Interpersonal Skills: Exceptional interpersonal skills and customer service orientation are essential for building emotional connections with couples, vendors, and team members. Communication Skills: Excellent written and verbal communication skills are necessary for seamless interaction and coordination. Passion and Commitment: A passion for creating romantic experiences, celebrating love, and a commitment to continuous learning in a dynamic industry are important for success in this role. Participating in comprehensive training provided by the company to enhance your honeymoon coordination skills. This role provides a unique opportunity for those who are passionate about crafting romantic experiences and are committed to creating dreamlike honeymoon memories for couples",Mid-Senior level,Part-time,Other,Hospitality,574.0,Banking,,
Remote Honeymoon Specialist,FeyerINC,"Abbot Village, ME",<25,"Heartwarming Career: You have the chance to embark on a heartwarming career focused on crafting unforgettable honeymoon experiences, celebrating love, and creating dreamlike memories for couples.  Prior experience in wedding planning or romantic travel is beneficial but not mandatory. Comprehensive Training: Comprehensive training and development opportunities will be provided to help you excel in your role, even if you don't have prior experience in the field.  This ensures that you can offer the best possible experiences to your clients. Organizational Skills: Strong organizational capabilities, multitasking skills, and meticulous attention to detail are required for managing honeymoon bookings and arrangements. Interpersonal Skills: Exceptional interpersonal skills and customer service orientation are essential for building emotional connections with couples, vendors, and team members. Communication Skills: Excellent written and verbal communication skills are necessary for seamless interaction and coordination. Passion and Commitment: A passion for creating romantic experiences, celebrating love, and a commitment to continuous learning in a dynamic industry are important for success in this role. Participating in comprehensive training provided by the company to enhance your honeymoon coordination skills. This role provides a unique opportunity for those who are passionate about crafting romantic experiences and are committed to creating dreamlike honeymoon memories for couples",Entry level,Full-time,Other,Internet Publishing,32533.0,IT Services and IT Consulting,,520286.0
Registered Nurse (RN) NOCs,Bedrock Healthcare,"Abbotsford, WI",<25, is a skilled nursing home facility and we take pride in providing our residents with an amazing experience. Manages conflict through effective problem-solving and communication skills. Up-to-date physical assessment skills and comprehensive knowledge of nursing principles are required. Recent experience in geriatric or rehabilitative nursing and experience in supervisory capacity are preferred,Entry level,Full-time,Health Care Provider,Hospitals and Health Care,0.0,,,
Interim Nurse Manager,Bedrock Healthcare,"Abbotsford, WI",<25,operates skilled nursing home facilities and takes pride in providing our residents with an amazing experience. Manages conflict through effective problem-solving and communication skills. Infection Control Experience (Preferred). Recent experience in geriatric or rehabilitative nursing and experience in supervisory capacity (Preferred),Entry level,Temporary,Health Care Provider,Hospitals and Health Care,23251.0,Pharmaceutical Manufacturing,,1026664.0
Remote Cruise Coordinator,FeyerINC,"Abbotsford, WI",<25," As a Cruise Coordinator, you will identify and develop niche target markets, plan and book travel arrangements, and work closely with suppliers to create memorable travel experiences for clients. Communication Skills: Demonstrate professional phone and email communication skills to interact effectively with clients and suppliers. Training: No prior experience is necessary; we provide training and support to help you succeed in this role. Travel Perks: Benefit from travel discounts and perks, making it easier for you to explore new destinations and experiences",Entry level,Full-time,Other,Internet Publishing,0.0,,,4026230.0
CMC Regulatory Affairs Manager,Intellectt Inc,"Abbott, TX",<25,"Comprehensive knowledge and experience in preparing CMC (Quality) sections for investigational and marketed product submissions (IND, NDA, DMF) for FDA and equivalent submissions for Europe and Canada. Experience. 5 to 7 years or more of CMC regulatory experience in the pharmaceutical industry with a history of successful of investigational filings and approvals of marketing applications as the CMC Regulatory lead. Regulatory experience in handling-controlled substance applications will be a plus",Mid-Senior level,Full-time,Legal,Staffing and Recruiting,111826.0,Software Development,,3623383.0
Associate Scientist II,Intellectt Inc,"Abbott, TX",<25," - Bachelor of Science or related however, will be open to taking other qualified individuals with other Bachelor degrees/ Experience min, none. Top 5 Skills/requirements.  Formalized document change control experience.  Good communications skills",Associate,Full-time,"Research, Analyst, and Information Technology",Staffing and Recruiting,0.0,,,397632.0
Post Office Specialist,London Drugs,"Abbott, TX",<25,"You’ll experience them all at London Drugs. You will have good inter-personal, motivational, and follow up skills, combined with a willingness to accept responsibility. If you are a well organized, self-motivated, individual possessing professional sales experience, who has a positive attitude, a desire to support Company initiatives, and a commitment to achieving Company objectives, then we have the opportunity for you to excel.  Starting pay will fall within the salary range indicated and may vary based on job-related experience, knowledge and education. Prior post office experience as well as familiarity with the ROSS (Canada Post POS system) will be considered an asset but is not a requirement. If you possess the necessary skills and expertise and would like to join an exciting team of professionals,.  We are committed to building a company that represents a variety of backgrounds, perspectives, and skills. The above statements are intended to describe the general nature and level of work applicable to this position and are not intended to be an exhaustive list of all responsibilities, duties and skills required.  Across Alberta, Saskatchewan, Manitoba and British Columbia, London Drugs' 79 stores employ more than 8,000 staff dedicated to providing our customers with a superior shopping experience",Entry level,Other,Administrative,Retail,,,,
Pharmacy Assistant - Part Time,London Drugs,"Abbott, TX",<25,"You’ll experience them all at London Drugs. Good interpersonal skills when dealing with customers, staff, & management. Good communication skills, both written and verbal. Basic computer skills. Previous Pharmacy experience preferable.  Starting pay will fall within the salary range indicated and may vary based on job-related experience, knowledge, and education:. If you possess the necessary skills and expertise and would like to join an exciting team of professionals,.  We are committed to building a company that represents a variety of backgrounds, perspectives, and skills. The above statements are intended to describe the general nature and level of work applicable to this position and are not intended to be an exhaustive list of all responsibilities, duties and skills required",Entry level,Other,Health Care Provider,Retail,111.0,Medical Equipment Manufacturing,,
Service Specialist,London Drugs,"Abbott, TX",<25,"You’ll experience them all at London Drugs.  This position is key in the company’s ability to fulfill our mission statement, which is to provide a superior shopping experience every day. You will have good inter-personal, motivational, delegation and follow up skills, combined with a willingness to accept responsibility, and an ability to train others and monitor their work habits. A positive, mature, and professional leadership style, good inter-personal, motivational, delegation and follow up skills, and a solid understanding of policies and procedures are essential for this role.  Supervisory experience would be considered an asset. If you have superior customer service experience, the ability to work with a sense of urgency, combined with excellent communication skills (good listener, patient, and articulate), then we have the opportunity for you to excel.  Starting pay will fall within the salary range indicated and may vary based on job-related experience, knowledge and education:. If you possess the necessary skills and expertise and would like to join an exciting team of professionals,.  We are committed to building a company that represents a variety of backgrounds, perspectives, and skills. The above statements are intended to describe the general nature and level of work applicable to this position and are not intended to be an exhaustive list of all responsibilities, duties and skills required",Entry level,Other,Other,Retail,,,,
Customs Analyst,Intellectt Inc,"Abbott, TX",<25,Years Of Experience. 2-3 years of experience. Classifying experience is required. Customs regulatory experience,Associate,Contract,Management and Manufacturing,"Biotechnology Research, Medical Equipment Manufacturing, and Pharmaceutical Manufacturing",255.0,Manufacturing,,
Customs and Trade Compliance Analyst-100% Onsite,DivIHN Integration Inc,"Abbott, TX",<25,HTS classification experience is mandatory. Years Experience: . Skills. Sound analytical abilities and acute attention to detail required; effective communication (written and oral) and interpersonal skills; ability to balance multiple priorities simultaneously and manage time appropriately. Experience. Skills:. Classifying experience is required.  Customs regulatory experience.  The manager is not looking for Logistic experience or Accounting is not needed,Associate,Full-time,Legal,Software Development,677.0,Software Development,,
Customs Analyst,Intellectt Inc,"Abbott, TX",<25,Years Experience: 2-3 yrs. Skills: Sound analytical abilities and acute attention to detail required; effective communication (written and oral) and interpersonal skills; ability to balance multiple priorities simultaneously and manage time appropriately,Associate,Full-time,Management and Manufacturing,Staffing and Recruiting,291.0,Financial Services,,
Data Analyst,DivIHN Integration Inc,"Abbott, TX",<25,"Requires good communication skills and ability to communicate back-n-forth with the customer until the data is proper. Experience: 3 to 5 years working with system and data. Skills:Understanding data base, good communication, willing to collaborate with business independently",Associate,Temporary,Information Technology,Software Development,0.0,,,549445.0
Remote Cruise Coordinator,FeyerINC,"Abbott, TX",<25," As a Cruise Coordinator, you will identify and develop niche target markets, plan and book travel arrangements, and work closely with suppliers to create memorable travel experiences for clients. Communication Skills: Demonstrate professional phone and email communication skills to interact effectively with clients and suppliers. Training: No prior experience is necessary; we provide training and support to help you succeed in this role. Travel Perks: Benefit from travel discounts and perks, making it easier for you to explore new destinations and experiences",Entry level,Full-time,Other,Internet Publishing,193.0,Pharmaceutical Manufacturing,,
Director of Nursing,SimplyApply,"Abbotts Creek, NC",<25,"The Director of Nursing combines nursing and administrative skills to meet the challenge of leading the nursing operations in a nursing center. Drive business excellence, staff excellence, clinical excellence, and patient/customer experience excellence. We are changing how care is delivered by bringing together people like you passionate, highly skilled and motivated to make a difference. At least 1 year of nurse leadership experience in long-term care is required. At least 2 years of prior clinical experience is required",Director,Full-time,Health Care Provider,Human Resources Services,0.0,,,
Special Education Paraprofessional,New Story Schools,"Abbottstown, PA",<25,Pay Range - $19 - $20 per hour based on experience and education. ExperiencePreferred3+ months experience working in a school or program for individuals with special needs to which they are assigned,Entry level,Full-time,Education and Training,Primary and Secondary Education,7783.0,Software Development,,338173.0
Behavior Technician,New Story Schools,"Abbottstown, PA",<25,Pay Range - $19 - $20 per hour based on experience and education. ExperiencePreferred3+ months experience working in a school or program for individuals with special needs to which they are assigned,Entry level,Full-time,Other,Primary and Secondary Education,935.0,Industrial Machinery Manufacturing,,
Academic and Behavior Support Staff,New Story Schools,"Abbottstown, PA",<25,Pay Range - $19 - $20 per hour based on experience and education. ExperiencePreferred3+ months experience working in a school or program for individuals with special needs to which they are assigned,Mid-Senior level,Full-time,Education and Training,Primary and Secondary Education,0.0,,,
Electrical engineer - Drones,CACI International Inc,"Aberdeen Proving Ground, MD",<25," MA/MS and 5yrs experience or BA/BS in Computer Engineering or related field and 7 years of experience.  Experience with networking and communication protocols (TCP/IP, I2C, SPI, UART), Linux, ARM, and Android internal processing and kernels for both operating systems and applications.  Understanding of RF Communications with a focus on circuitry, benchtop equipment experience (SpecAn, SigGen, O-Scope, et al), and performing standard RF measurements (e.  Experience with either IDA Pro or Ghidra, a significant understanding of reverse engineering tasks (static/dynamic analysis, machine code emulation, and firmware review), the ability to perform independent open-source research, and a comprehensive understanding of integrated circuit architectures.  Experience with soldering and re-working electronic circuit boards and components (e.  Experience in reverse engineering electronic circuit boards and components.  Experience in electronic schematic generation and printed circuit board (PCB) layout. : There are a host of factors that can influence final salary including, but not limited to, geographic location, Federal Government contract labor categories and contract wage rates, relevant prior work experience, specific skills and competencies, education, and certifications",Entry level,Full-time,Engineering and Information Technology,IT Services and IT Consulting,0.0,,,224850.0
Electrical Engineer / Reverse Engineer - Drones,CACI International Inc,"Aberdeen Proving Ground, MD",<25," MA/MS and 5yrs experience or BA/BS in Computer Engineering or related field and 7 years of experience.  Experience with networking and communication protocols (TCP/IP, I2C, SPI, UART), Linux, ARM, and Android internal processing and kernels for both operating systems and applications.  Understanding of RF Communications with a focus on circuitry, benchtop equipment experience (SpecAn, SigGen, O-Scope, et al), and performing standard RF measurements (e.  Experience with either IDA Pro or Ghidra, a significant understanding of reverse engineering tasks (static/dynamic analysis, machine code emulation, and firmware review), the ability to perform independent open-source research, and a comprehensive understanding of integrated circuit architectures.  Experience with soldering and re-working electronic circuit boards and components (e.  Experience in reverse engineering electronic circuit boards and components.  Experience in electronic schematic generation and printed circuit board (PCB) layout. : There are a host of factors that can influence final salary including, but not limited to, geographic location, Federal Government contract labor categories and contract wage rates, relevant prior work experience, specific skills and competencies, education, and certifications",Entry level,Full-time,Engineering and Information Technology,IT Services and IT Consulting,0.0,,,224850.0
All Source Analyst,CACI International Inc,"Aberdeen Proving Ground, MD",<25,"Experience with all source intelligence analytical production and reporting.  experience or 6 yrs.  of experience. Experience with CUAS and / or C-IED analysis and reporting. Must have experience in conducting functional analyses of commercial based technology (CBT) devices (specifically RCIED and UAS) and describe how the device functions. Possess strong research, analytical, and writing skills as well as briefing skills to include the ability to clearly articulate information to different audiences. Experience providing intelligence support regarding issues within the CENTCOM AOR or other specific COCOMs. : There are a host of factors that can influence final salary including, but not limited to, geographic location, Federal Government contract labor categories and contract wage rates, relevant prior work experience, specific skills and competencies, education, and certifications",Entry level,Full-time,Business Development and Sales,IT Services and IT Consulting,0.0,,,224850.0
Quality Assurance Manager,CACI International Inc,"Aberdeen Proving Ground, MD",<25,"Bachelor’s degree and 3+ years of experience. Possess strong testing skills and experience with web applications, supporting functional, accessibility and regression testing requirements. Experience with web application testing in a production environment. Documented experience of software testing tools and processes. Experience developing repeatable test procedures, executing test scripts and documenting results. Proven work experience in software development and quality assurance. Experience in writing clear, concise, and comprehensive test plans and test cases. Experience working in an Agile software development environment. : There are a host of factors that can influence final salary including, but not limited to, geographic location, Federal Government contract labor categories and contract wage rates, relevant prior work experience, specific skills and competencies, education, and certifications",Mid-Senior level,Full-time,Quality Assurance,IT Services and IT Consulting,0.0,,,224850.0
CAD Designer - Drafter,CACI International Inc,"Aberdeen Proving Ground, MD",<25,"AS/AA or 2-year tech school w/ 7 years experience in drafting.  A degree or Professional Certificate in drafting, CAD, or a related field w/5 years of experience or a HS/GED with 15 years of related experience . Strong spreadsheet and presentation skills. Strong analytical and organizational skills. Verbal and written communication skills. Critical Thinking Skills. Experience creating drawings for technical documents, instructional manuals, training materials, Architectural documents, or other informational work. : There are a host of factors that can influence final salary including, but not limited to, geographic location, Federal Government contract labor categories and contract wage rates, relevant prior work experience, specific skills and competencies, education, and certifications",Entry level,Full-time,"Design, Art/Creative, and Information Technology",IT Services and IT Consulting,0.0,,,224850.0
Software Engineer,CACI International Inc,"Aberdeen Proving Ground, MD",<25,"You should have excellent organization and problem-solving skills. You will be part of a responsive team where communication skills and the ability to solve problems are critical to our success.  Candidates must be self-motivated individuals who can understand technical concepts, have good communication skills, and able and willing to collaborate on technical items with the larger team.  Security+ or equivalent experience and minimum 5 years of related work. Strong OOP and OOAD skills. Experience with Agile . Experience in communicating with users, other technical teams and management to collect requirements, identify tasks, provide estimates and meet production deadlines. Experience with Java, JMS, HIBERNATE, CAMEL, SPRING . Experience with Web Technologies such as Angular, HTML5 and CSS. Experience with Web services (REST/SOAP). Experience in service-based development and microservice architectures . Experience with Messaging and/or ESB Technologies. Experience with Software Testing (e. Experience with Linux shell scripting and build tools (e. Experience with Linux operating systems. Experience with Docker / Containerization . Experience with AWS. Experience with DevOps tools such as Nexus, Jenkins, Ansible and/or Foreman. : There are a host of factors that can influence final salary including, but not limited to, geographic location, Federal Government contract labor categories and contract wage rates, relevant prior work experience, specific skills and competencies, education, and certifications",Entry level,Full-time,Engineering and Information Technology,IT Services and IT Consulting,0.0,,,224850.0
Deliverables Manager,CACI International Inc,"Aberdeen Proving Ground, MD",<25,"Bachelor’s degree and 3+ years of experience. Possess strong written and verbal communications skills. Experience managing deliverables in a government contracting environment. Experience in writing clear, concise and comprehensive reports, documentation packages, and program updates. : There are a host of factors that can influence final salary including, but not limited to, geographic location, Federal Government contract labor categories and contract wage rates, relevant prior work experience, specific skills and competencies, education, and certifications",Mid-Senior level,Full-time,Other,IT Services and IT Consulting,0.0,,,224850.0
Chief Engineer,CACI International Inc,"Aberdeen Proving Ground, MD",<25," Candidates must be self-motivated individuals who can understand technical concepts, have good communication skills, and able to manage the taskings and priorities for multiple scrum teams. You should have excellent organization and problem-solving skills. You will be part of a responsive team where communication skills and the ability to solve problems are critical to our success.  Security+ or equivalent experience and minimum 10 years of related work. Strong OOP and OOAD skills. Experience with Agile . Experience in communicating with users, other technical teams, and management to collect requirements, identify tasks, provide estimates and meet production deadlines. Experience with Java, JMS, HIBERNATE, CAMEL, SPRING . Experience with Web Technologies such as Angular, HTML5 and CSS. Experience with Web services (REST/SOAP). Experience in service-based development and microservice architectures . Experience with Messaging and/or ESB Technologies. Experience with Software Testing (e. Experience with Linux shell scripting and build tools (e. Experience with Linux operating systems. Experience with Docker / Containerization . Experience with AWS. Experience with DevOps tools such as Nexus, Jenkins, Ansible and/or Foreman. : There are a host of factors that can influence final salary including, but not limited to, geographic location, Federal Government contract labor categories and contract wage rates, relevant prior work experience, specific skills and competencies, education, and certifications",Director,Full-time,Engineering and Information Technology,IT Services and IT Consulting,0.0,,,224850.0
Test Engineer,CACI International Inc,"Aberdeen Proving Ground, MD",<25,"Bachelor’s degree and 5+ years of experience. Possess strong testing skills and experience with web applications, supporting functional, accessibility and regression testing requirements. Experience with web application testing in a production environment. Documented experience of software testing tools and processes. Experience developing repeatable test procedures, executing test scripts and documenting results. Typically requires bachelor’s degree or equivalent, and 3+ years of related experience. Proven work experience in software development and quality assurance. Experience in writing clear, concise and comprehensive test plans and test cases. Experience working in an Agile software development environment. : There are a host of factors that can influence final salary including, but not limited to, geographic location, Federal Government contract labor categories and contract wage rates, relevant prior work experience, specific skills and competencies, education, and certifications",Entry level,Full-time,Engineering and Information Technology,IT Services and IT Consulting,0.0,,,224850.0
Data Scientist,Peraton,"Aberdeen Proving Ground, MD",25-200,"Experience with software development, either an open-source enterprise software development stack (Java/Linux/Ruby/Python) or a Windows development stack (. Experience with data transport and transformation APIs and technologies such as JSON, XML, XSLT, JDBC, SOAP and REST. Experience with Cloud-based data analysis tools including Hadoop and Mahout, Acumulo, Hive, Impala, Pig, and similar.  This represents the typical salary range for this position based on experience and other factors",Not Applicable,Full-time,Design and Information Technology,Civil Engineering,12747.0,IT Services and IT Consulting,,98663.0
Test & Evaluation Engineer,Peraton,"Aberdeen Proving Ground, MD",25-200,"5 years of position relevant work experience. Experience with T&E event development, management, data validation and verification, and reporting. Experience with developing test plans to include test use cases, and test reports. Experience with software testing.  This represents the typical salary range for this position based on experience and other factors",Not Applicable,Full-time,Design and Information Technology,Civil Engineering,12747.0,IT Services and IT Consulting,,98663.0
"We are hiring in Aberdeen, Maryland- Software Engineers",Peraton,"Aberdeen Proving Ground, MD",25-200,"Are you a skilled Software Engineer. Ideal candidates will have experience with the following:. We are always looking for candidates that have an active TS/SCI clearance, a DOD IAT Level II cert, and a minimum of 5 years' experience in the following:. Experience in DoD systems development. Experience with use case development. Experience with requirements derivation. Experience with developing technical project artifacts. Experience with Software Engineering processes. Experience with C, C#, C++, SQL, or Java. Experience with Jira, Confluence, and GIT.  This represents the typical salary range for this position based on experience and other factors",Not Applicable,Full-time,Other and Engineering,Civil Engineering,12747.0,IT Services and IT Consulting,,98663.0
Model Based Systems Engineer,Peraton,"Aberdeen Proving Ground, MD",<25,5 years of position relevant work experience. Experience using JAVA andPython. Experience with CAMEO or SysML.  This represents the typical salary range for this position based on experience and other factors,Not Applicable,Full-time,Design and Information Technology,Civil Engineering,12747.0,IT Services and IT Consulting,,98663.0
UAS Trainer/RPV Pilot,CACI International Inc,"Aberdeen Proving Ground, MD",<25," Desired candidate will have extensive experience in either Special Operations / Special Forces or senior Combat Arms background. Experience instructing large groups of low- and high-ranking personnel in a military environment. BA/BS with 0-3 years of experience; or AA/AS and 4 years of experience; or HS/GED and 6 years of experience. Experience with COTS multi-rotor and fixed-wing aircraft, to include hobbyist UAS experience. Demonstrate experience in pre-deployment training and knowledge exchange supporting field training exercises (FTX), Validation Exercises (VALEX), and other technical exchange events. Experience with all RPV (land, air, and sea) and ability to design/fabricate with limited instructions or pre-built kits. : There are a host of factors that can influence final salary including, but not limited to, geographic location, Federal Government contract labor categories and contract wage rates, relevant prior work experience, specific skills and competencies, education, and certifications",Mid-Senior level,Full-time,Education and Training,IT Services and IT Consulting,0.0,,,224850.0
Cyber Analyst,CACI International Inc,"Aberdeen Proving Ground, MD",<25,"Working knowledge of or experience with DoD policy, US Army policy, Executive Orders, and National Defense Authorization Acts related to IT Systems, Cybersecurity, Cyber Mitigation and UxS operation. Experience with IT security and protocol analysis. Experience with tools/skill sets to include: Kali Linux, MitM attacks, Ghidra, IDA/IDA Pro, Protocol Analyzers (Beagle), Metasploit Framework, Python, C/C++, Assembly Language, signals analysis/capture, Reverse Engineering, and Malware Forensics. Mobile Application experience. Experience writing technical / analytical reports. Experience auditing regulatory compliance. Experience with Unmanned Aerial Systems/Remote Piloted Vehicles. Experience with electronics, computer architecture (on a processor level (assembly language) memory allocation/addressing)), System on a Chip (SoC), Artificial Intelligence and Neural Networks. Experience with tools/skill sets to include Ettercap, Ollydbg, Ghidra, Aircrack-NG and Recon-NG, Software Defined Radios (RTL-SDR, HackRF or the like), Wifite, Harvester, Google Hacking/Dorking, Shodan, OSRFramework, HTTRack, RFID analysis, Near field communication (NFC) analysis. : There are a host of factors that can influence final salary including, but not limited to, geographic location, Federal Government contract labor categories and contract wage rates, relevant prior work experience, specific skills and competencies, education, and certifications",Entry level,Full-time,Engineering and Information Technology,IT Services and IT Consulting,0.0,,,224850.0
All Source Analyst,CACI International Inc,"Aberdeen Proving Ground, MD",<25,"Experience with all source intelligence analytical production and reporting.  experience or 6 yrs.  of experience. Experience with CUAS and / or C-IED analysis and reporting. Must have experience in conducting functional analyses of commercial base technology devices (specifically RCIED and UAS) and describe how the device functions. Possess strong research, analytical, and writing skills as well as briefing skills to include the ability to clearly articulate information to different audiences. Experience providing intelligence support regarding issues within the CENTCOM AOR or other specific COCOMs. Basic Python coding experience. : There are a host of factors that can influence final salary including, but not limited to, geographic location, Federal Government contract labor categories and contract wage rates, relevant prior work experience, specific skills and competencies, education, and certifications",Entry level,Full-time,Business Development and Sales,IT Services and IT Consulting,0.0,,,224850.0
Software Developer,CACI International Inc,"Aberdeen Proving Ground, MD",25-200," Candidates must be self-motivated individuals who can understand technical concepts, have good communication skills, and able and willing to collaborate on technical items with the larger team. You should have excellent organization and problem-solving skills. You will be part of a responsive team where communication skills and the ability to solve problems are critical to our success.  Security+ or equivalent experience and minimum 5 years of related work. Strong OOP and OOAD skills. Experience in communicating with users, other technical teams and management to collect requirements, identify tasks, provide estimates and meet production deadlines. Experience with Java, JMS, HIBERNATE, CAMEL, SPRING . Experience with Web Technologies such as Angular, HTML5 and CSS. Experience with Web services (REST/SOAP). Experience in service-based development and microservice architectures . Experience with Messaging and/or ESB Technologies. Experience with Software Testing (e. Experience with Linux shell scripting and build tools (e. Experience with Linux operating systems. Project Management Experience. Experience with Docker / Containerization . Experience with AWS. Experience with DevOps tools such as Nexus, Jenkins, Ansible and/or Foreman. Experience with relational, noSQL, and file-based storage products . : There are a host of factors that can influence final salary including, but not limited to, geographic location, Federal Government contract labor categories and contract wage rates, relevant prior work experience, specific skills and competencies, education, and certifications",Entry level,Full-time,Engineering and Information Technology,IT Services and IT Consulting,0.0,,,224850.0
Project Manager,CACI International Inc,"Aberdeen Proving Ground, MD",<25,"Must be detail oriented with developed organizational skills;. Background in military intelligence and previous military experience;. Bachelors degree with 10 yrs experience. Experience with Army Intelligence Organizations. : There are a host of factors that can influence final salary including, but not limited to, geographic location, Federal Government contract labor categories and contract wage rates, relevant prior work experience, specific skills and competencies, education, and certifications",Entry level,Full-time,Project Management and Information Technology,IT Services and IT Consulting,0.0,,,224850.0
Project Manager,CACI International Inc,"Aberdeen Proving Ground, MD",<25,"7+ years’ experience in managing high-performance teams delivering enterprise software and/or services. 7+ years’ experience requiring operational support of mission-critical applications. Demonstrated people management and leadership skills and a proven track record of mentoring and coaching team members. Excellent analytical and problem-solving skills. Experience with Continuous Integration/Continuous Deployment. Experience with Agile development methodology. Experience with Army Intelligence Organizations. Background in military intelligence and previous military experience. : There are a host of factors that can influence final salary including, but not limited to, geographic location, Federal Government contract labor categories and contract wage rates, relevant prior work experience, specific skills and competencies, education, and certifications",Entry level,Full-time,Project Management and Information Technology,IT Services and IT Consulting,0.0,,,224850.0
Contract Specialist (6 Month Register).,Defense Logistics Agency,"Aberdeen Proving Ground, MD",<25," Specialized Experience: One year of specialized experience that equipped you with the particular competencies to successfully perform the duties of the position and is directly in or related to this position.  In addition to meeting the Basic Education Requirement above, to qualify for the GS-09 grade level, specialized experience must be at the GS-07 grade level or equivalent under other pay systems in the Federal service, military or private sector.  To qualify for the GS-11 grade level, specialized experience must be at the GS-09 grade level or equivalent under other pay systems in the Federal service, military or private sector.  Creditable specialized experience includes:.  Education Substitution: Such education must demonstrate the knowledge, skills, and abilities necessary to do the work.  In addition to meeting the Basic Requirement above, to qualify based on education in lieu of specialized experience at the GS-09 or GS-11 level, applicants must possess:. Experience refers to paid and unpaid experience, including volunteer work done through National Service programs (e.  Volunteer work helps build critical competencies, knowledge, and skills and can provide valuable training and experience that translates directly to paid employment.  You will receive credit for all qualifying experience, including volunteer experience.  The DLA Land Aberdeen detachment provides hands-on-training, experience with unique and strategic contracts, and career building opportunities",Not Applicable,Full-time,Legal,Government Administration and Strategic Management Services,9325.0,Armed Forces,,115995.0
Senior Information Security Engineer,CACI International Inc,"Aberdeen Proving Ground, MD",<25,"Seven years of professional experience, appropriate computing environment certification, and IA SYSTEM ARCHITECT AND ENGINEER (IASAE) SPECIALTY qualified in accordance with standards spelled out in DoD 8570. Prior experience in design, development, implementation, and/or integration of a DoD IA architecture, system, or system component for use within the Network Environment (NE) experience. Note: Experience can substitute for college degree provided the person has BOTH the relevant experience AND is fully Information Assurance (IA) certified in accordance with AR 25-2, Information Assurance, and the associated best business practice for IA Training and certification (IA Training BBP). : There are a host of factors that can influence final salary including, but not limited to, geographic location, Federal Government contract labor categories and contract wage rates, relevant prior work experience, specific skills and competencies, education, and certifications",Mid-Senior level,Full-time,Information Technology,IT Services and IT Consulting,0.0,,,224850.0
Program Manager,CACI International Inc,"Aberdeen Proving Ground, MD",<25,"Minimum 9 years of relevant experience. Thorough understanding and experience in the complete life-cycle of the software in military systems. Must have knowledge and experience with Department of Defense (DOD)/Army plans, policies, standards, and methods aimed at the acquisition and support of software and computer resources for Army systems. : There are a host of factors that can influence final salary including, but not limited to, geographic location, Federal Government contract labor categories and contract wage rates, relevant prior work experience, specific skills and competencies, education, and certifications",Entry level,Full-time,Project Management and Information Technology,IT Services and IT Consulting,0.0,,,224850.0
Contract Specialist (6 Month Register).,Defense Logistics Agency,"Aberdeen Proving Ground, MD",<25," Specialized Experience: One year of specialized experience that equipped you with the particular competencies to successfully perform the duties of the position, and is directly in or related to this position.  In addition to meeting the Basic Education Requirement above, to qualify for the GS-11 grade level, specialized experience must be at the GS-09 grade level or equivalent under other pay systems in the Federal service, military or private sector.  To qualify for the GS-12 grade level, specialized experience must be at the GS-11 grade level or equivalent under other pay systems in the Federal service, military or private sector.  Creditable specialized experience includes:.  Experience independently working with commonly used contract methods and contract types to prepare pre-award and/or post-award procurement actions.  Contract experience to solicit, negotiate, award, monitor, and close out/terminate assigned requirements.  Experience with negotiating and/or administering contracts where the contracting actions are well defined and well precedent.  Experience assisting other associates in their development.  Experience applying contracting principles, laws, statues, regulations and procedures applicable to pre-award and post-award actions sufficient for a variety of supplies and services.  Experience with federal contract methods and contract types, which includes specialized experience in planning and carrying out pre-award and/or post-award procurement actions.  Experience independently working with federal contract administration policy, procedures, techniques, and evaluation/control methods sufficient to monitor prime and subcontractor performance.  Experience using negotiation techniques to solicit, award, monitor, and closeout/terminate assigned contracts.  Experience independently communicating through written communications and discussions with vendors/customers.  Experience assisting/mentoring other specialists with procedures related to contract pre-award and administration.  Education Substitution: Such education must demonstrate the knowledge, skills, and abilities necessary to do the work.  In addition to meeting the Basic Requirement above, to qualify based on education in lieu of specialized experience at the GS-11 level, applicants must possess:. Experience refers to paid and unpaid experience, including volunteer work done through National Service programs (e.  Volunteer work helps build critical competencies, knowledge, and skills and can provide valuable training and experience that translates directly to paid employment.  You will receive credit for all qualifying experience, including volunteer experience. GS-12 Substitution of education may not be used in lieu of specialized experience for this grade level.  The DLA Land Aberdeen detachment provides hands-on-training, experience with unique and strategic contracts, and career building opportunities",Not Applicable,Full-time,Legal,Government Administration and Strategic Management Services,9325.0,Armed Forces,,115995.0
Electrical Engineer,CACI International Inc,"Aberdeen Proving Ground, MD",<25,"Knowledge or experience with analog or digital RF circuits. Experience in the use of RF test equipment like network and spectrum analyzers, oscilloscopes, mixed signal generators, Power meters. Experience in soldering small and large components. Experience with design and integration of electronics on (UAS) Unmanned Aerial Systems, RCIED, or Water born IEDs. Altium Designer experience. Experience with design and integration of electronics on (UAS) Unmanned Aerial Systems, RCIED, or Water born IEDs. Experience with tools/skill sets including Software Defined Radios (RTL-SDR, HackRF or similar), RFID, and (NFC) Near-field communication. : There are a host of factors that can influence final salary including, but not limited to, geographic location, Federal Government contract labor categories and contract wage rates, relevant prior work experience, specific skills and competencies, education, and certifications",Entry level,Full-time,Engineering and Information Technology,IT Services and IT Consulting,0.0,,,224850.0
Mechanical Engineer,CACI International Inc,"Aberdeen Proving Ground, MD",<25,"Skilled in the use of measuring tools and test instruments. Experience in using electrical and manual tools (saws, squares, calipers etc. Skilled in the use of sheet metal and machine tools such as shears, breaks, saws, milling machines, welding machines, and lathes. Intermediate level experience using SolidWorks, AutoCAD, Visio, and other CAD software. Experience with installation, operation, and tuning of small 2-stroke and 4-stroke internal combustion engines (Nitromethane and Gasoline). Interpersonal skills required to work with others and communicate effectively.  Experience with COTS multi-rotor and fixed-wing aircraft, to include hobbyist UAS experience. Experience with small engines to include an understanding of. Experienced using and understanding SolidWorks Add-ins . Hands-on fabrication and assembly experience . Experience with machine shop operations and manufacturing process. : There are a host of factors that can influence final salary including, but not limited to, geographic location, Federal Government contract labor categories and contract wage rates, relevant prior work experience, specific skills and competencies, education, and certifications",Entry level,Full-time,Engineering and Information Technology,IT Services and IT Consulting,0.0,,,224850.0
Simulation & Test Engineer,SRI,"Aberdeen Proving Ground, MD",<25,"The ideal candidate should have strong analytical skills, be curious, resourceful, independently motivated, and detail oriented. Strong communication skills, both written and oral. Desired Skills. Specialized military experience in radar warning systems and threat analysis is highly valued",Entry level,Full-time,Engineering,Research Services,2590.0,Research Services,,55438.0
Cyber Security Engineer,CACI International Inc,"Aberdeen Proving Ground, MD",<25,"CACI is actively seeking a highly skilled and experienced Mid to Senior Cyber Security Engineer to join our Cybersecurity Team. If you are a dedicated and experienced Cyber Security Engineer who excels in eMASS, STIG, ACAS, and SCA-A assessments, we encourage you to apply for this rewarding opportunity. A minimum of 5 years of experience in cybersecurity with a focus on eMASS, STIG, ACAS, and SCA-A assessments. Exceptional communication and interpersonal skills. : There are a host of factors that can influence final salary including, but not limited to, geographic location, Federal Government contract labor categories and contract wage rates, relevant prior work experience, specific skills and competencies, education, and certifications",Entry level,Full-time,Information Technology,IT Services and IT Consulting,0.0,,,224850.0
Procurement Manager,CACI International Inc,"Aberdeen Proving Ground, MD",<25,"Experience leading and mentoring the team. Strong prioritization, communication, and documentation skills. Experience as a Buyer. : There are a host of factors that can influence final salary including, but not limited to, geographic location, Federal Government contract labor categories and contract wage rates, relevant prior work experience, specific skills and competencies, education, and certifications",Mid-Senior level,Full-time,Purchasing and Supply Chain,IT Services and IT Consulting,0.0,,,224850.0
Systems Software Engineer,CACI International Inc,"Aberdeen Proving Ground, MD",<25,"Bachelor’s degree in Computer Science or Electrical/Computer Engineering with 5+ years of work experience. Experience and in-depth knowledge of C/C++11, Python, TCP/IP and UDP networking, multi-threading and inter-process-communications (IPC). Experience and knowledge of writing maintainable code. Experience with software development environment, Linux, CMake, GIT, Eclipse or other IDE. Experience using Linux, and bash scripting. Experience with MATLAB filter design. Self-starter with good interpersonal and written/verbal communication skills. Experience with radio frequency (RF) communications and/or radar systems. : There are a host of factors that can influence final salary including, but not limited to, geographic location, Federal Government contract labor categories and contract wage rates, relevant prior work experience, specific skills and competencies, education, and certifications",Entry level,Full-time,Engineering and Information Technology,IT Services and IT Consulting,0.0,,,224850.0
Entry level Simulation Engineer,CACI International Inc,"Aberdeen Proving Ground, MD",<25,"Experience in RF test equipment. Experience with Gitlab. Effective communication skills, both written and oral. : There are a host of factors that can influence final salary including, but not limited to, geographic location, Federal Government contract labor categories and contract wage rates, relevant prior work experience, specific skills and competencies, education, and certifications",Entry level,Full-time,Engineering and Information Technology,IT Services and IT Consulting,0.0,,,224850.0
Signals Analyst,SRI,"Aberdeen Proving Ground, MD",<25,"You will be part of an integrated team to maintain effectiveness in defeating worldwide threats while using your problem-solving skills and able to work independently while in support of on-going projects managed from the SEC ARAT Program Office. 2 years of relevant experience. Strong analytical and problem-solving skills, resourceful, and able to work independently. Desired Skills. 3-5+ years of relevant experience. Experience with RF test equipment",Entry level,Full-time,Business Development and Sales,"Research Services, Non-profit Organizations, and Information Services",2590.0,Research Services,,55438.0
Cyber Engineer,CACI International Inc,"Aberdeen Proving Ground, MD",<25," Qualified candidates must have experience and understanding of cybersecurity or reverse engineering.  Your knowledge and experience with cyber engineering will help drive CACI mission to excellence.  BA/BS in Computer Engineering, Electrical Engineering or related field with 5 years of experience.  Understanding of and experience with a combination of Cybersecurity, Linux, and Cryptography (public/private key pairs, symmetric, and asymmetric ciphers) or Reverse Engineering.  Experience with networking and communication protocols (TCP/IP, I2C, SPI, UART), Linux, ARM, and Android internal processing and kernels for both operating systems and applications.  MA/MS in Computer Engineering, Electrical Engineering or related field and 3 years of experience.  Experience with soldering and re-working electronic circuit boards and components (e.  Experience in electronic schematics and printed circuit board (PCB) layout. : There are a host of factors that can influence final salary including, but not limited to, geographic location, Federal Government contract labor categories and contract wage rates, relevant prior work experience, specific skills and competencies, education, and certifications",Entry level,Full-time,Engineering and Information Technology,IT Services and IT Consulting,0.0,,,224850.0
Electrical Engineer,CACI International Inc,"Aberdeen Proving Ground, MD",<25," Qualified candidates must have experience with RF test equipment like network and spectrum analyzers, oscilloscopes, mixed signal generators, and power meters.  Your knowledge and experience with design and integration of electronics on Unmanned Aerial Systems (UAS), RCIED, or Water born IED's will help drive CACI mission to excellence. Experience in the use of RF test equipment like network and spectrum analyzers, oscilloscopes, mixed signal generators, Power meters. Experience with design and integration of electronics on (UAS) Unmanned Aerial Systems, RCIED, or Water born IEDs. Experience in soldering small and large components. Knowledge or experience with analog or digital RF circuits. Altium Designer experience. Experience with design and integration of electronics on (UAS) Unmanned Aerial Systems, RCIED, or Water born IEDs. Experience with tools/skill sets including Software Defined Radios (RTL-SDR, HackRF or similar), RFID, and (NFC) Near-field communication. : There are a host of factors that can influence final salary including, but not limited to, geographic location, Federal Government contract labor categories and contract wage rates, relevant prior work experience, specific skills and competencies, education, and certifications",Entry level,Full-time,Engineering and Information Technology,IT Services and IT Consulting,0.0,,,224850.0
Reverse Engineer,CACI International Inc,"Aberdeen Proving Ground, MD",<25," Qualified candidates must have experience as a reverse engineer with an understanding of networking and communication protocols, working with circuitry and benchtop equipment, and experience with soldering and re-working electronic circuit boards and components.  Your knowledge and experience as a Reverse Engineer will help drive the CACI mission to excellence.  MA/MS and 5yrs experience or BA/BS in Computer Engineering or related field and 7 years of experience.  Experience with networking and communication protocols (TCP/IP, I2C, SPI, UART), Linux, ARM, and Android internal processing and kernels for both operating systems and applications.  Understanding of RF Communications with a focus on circuitry, benchtop equipment experience (SpecAn, SigGen, O-Scope, et al), and performing standard RF measurements (e.  Experience with either IDA Pro or Ghidra, a significant understanding of reverse engineering tasks (static/dynamic analysis, machine code emulation, and firmware review), the ability to perform independent open-source research, and a comprehensive understanding of integrated circuit architectures.  Experience with soldering and re-working electronic circuit boards and components (e.  Experience in reverse engineering electronic circuit boards and components.  Experience in electronic schematic generation and printed circuit board (PCB) layout. : There are a host of factors that can influence final salary including, but not limited to, geographic location, Federal Government contract labor categories and contract wage rates, relevant prior work experience, specific skills and competencies, education, and certifications",Entry level,Full-time,Engineering and Information Technology,IT Services and IT Consulting,0.0,,,224850.0
Test Engineer,CACI International Inc,"Aberdeen Proving Ground, MD",<25,"Bachelor’s degree and 5+ years of experience. Possess strong testing skills and experience with web applications, supporting functional, accessibility and regression testing requirements. Experience with web application testing in a production environment. Documented experience of software testing tools and processes. Experience developing repeatable test procedures, executing test scripts and documenting results. Typically requires bachelor’s degree or equivalent, and 3+ years of related experience. Proven work experience in software development and quality assurance. Experience in writing clear, concise and comprehensive test plans and test cases. Experience working in an Agile software development environment. : There are a host of factors that can influence final salary including, but not limited to, geographic location, Federal Government contract labor categories and contract wage rates, relevant prior work experience, specific skills and competencies, education, and certifications",Entry level,Full-time,Engineering and Information Technology,IT Services and IT Consulting,0.0,,,224850.0
Field Service Representative,CACI International Inc,"Aberdeen Proving Ground, MD",<25,"Problems are typically solved through drawing from prior experience and analysis of issues. Proficient and comfortable with training a group of end users with varying skill levels on the technical aspects Intel system. BA/BS with 3 years of experience ( in Intelligence Systems operation and training and 9 years of experience with no BA/BS degree. Experience working in a DoD Contracting Environment. Military Intelligence experience. : There are a host of factors that can influence final salary including, but not limited to, geographic location, Federal Government contract labor categories and contract wage rates, relevant prior work experience, specific skills and competencies, education, and certifications",Entry level,Full-time,Other,IT Services and IT Consulting,0.0,,,224850.0
IT Network Engineer,CACI International Inc,"Aberdeen Proving Ground, MD",<25,"CACI is seeking a skilled and experienced Middle to Senior Level Network Engineer to join our team.  Minimum of 5 years of experience in network engineering, with a focus on supporting military or government clients.  Experience with Cisco, Juniper, or other major networking hardware and software.  Excellent analytical and problem-solving skills.  Strong communication and collaboration skills.  Experience with network management and monitoring tools. : There are a host of factors that can influence final salary including, but not limited to, geographic location, Federal Government contract labor categories and contract wage rates, relevant prior work experience, specific skills and competencies, education, and certifications",Entry level,Full-time,Information Technology,IT Services and IT Consulting,0.0,,,224850.0
System Administrator,CACI International Inc,"Aberdeen Proving Ground, MD",<25,"These skills and experience are also required: . Significant experience in the patch management reporting compliance and remediation for diverse hosts within a network enclav. Significant experience with the IAVMs, Vendor Patches, Cumulative Updates, DISA STIGs. Significant experience with virtualization, queries, and dashboards. Experience with the system administration of Microsoft server, Microsoft workstation, Linux workstation, and Networking Device operating systems. Experience with Virtual Machines. Experience with software applications, executables, and signatures. Experience with maintaining and creating process documentation. Non-technical skills and experience required and/or preferred. Preferred with strong communication skills. Preferred with strong experience being the single POC/SME on an enterprise level technical system. : There are a host of factors that can influence final salary including, but not limited to, geographic location, Federal Government contract labor categories and contract wage rates, relevant prior work experience, specific skills and competencies, education, and certifications",Mid-Senior level,Full-time,Information Technology,IT Services and IT Consulting,0.0,,,224850.0
Information Technology / Information Assurance (IT/IA) Team Leader,CACI International Inc,"Aberdeen Proving Ground, MD",<25,"CACI is seeking a highly skilled and experienced Information Technology/Information Assurance Manager to provide leadership and oversight to a team responsible for the implementation, management, and security of USG information systems and technology solutions.  Your exceptional managerial and leadership skills will be essential in guiding and empowering your team to deliver outstanding results. 10 or more years’ experience in information technology management, preferably in a defense contractor or military environment. Strong leadership skills and the ability to manage and motivate a team effectively. Excellent communication and interpersonal skills, with the ability to collaborate with diverse stakeholders. : There are a host of factors that can influence final salary including, but not limited to, geographic location, Federal Government contract labor categories and contract wage rates, relevant prior work experience, specific skills and competencies, education, and certifications",Mid-Senior level,Full-time,Information Technology,IT Services and IT Consulting,0.0,,,224850.0
